Workbook

Sheet README
A1: Fruit Category Spend Analysis: practice workbook
A3: DATA: SYNTHETIC. 1,200 purchase-order lines (FY2025), 10 suppliers, 8 fruits, generated to mirror the structure of the Kaggle 'Procurement KPI Analysis Dataset' (shahriarkabir).
A4: Prices, suppliers and performance are fictional but realistic (seasonality, origin mix). Do not cite as real market data.
A6: Sheets: Dashboard (KPIs + chart) · Data (raw POs) · Spend_Cube (supplier×fruit) · Monthly_Trend · Pareto (80/20) · Kraljic (portfolio) · Supplier_Scorecard
A8: Colour code: blue = hardcoded inputs you can change · black = formulas · green = cross-sheet links.
A9: To use real data: paste Kaggle/your company data into the Data sheet with the same columns (A–N); all analysis sheets recalculate.
A10: Example row format: PO-25002 | 2025-01-02 | Bananas | Ecuador Banana Co | Ecuador | 800 | €16.40 | €15.90 | 1 | 1.2%

Sheet Dashboard
A1: Fruit category spend dashboard: FY2025
A3: Total spend | B3: =SUM(Data!$J$2:$J$1201) -> 25990898
A4: # POs | B4: =COUNTA(Data!$A$2:$A$1201) -> 1200
A5: # Suppliers | B5: =COUNTA(Pareto!A2:A11) -> 10
A6: Paid above market | B6: =SUM(Data!$K$2:$K$1201) -> 329610
A7: Price vs market % | B7: =B6/(B3-B6) -> 0.01284464
A8: Overall OTIF | B8: =AVERAGE(Data!$M$2:$M$1201) -> 0.93833333
A9: Top-3 supplier share | B9: =Pareto!D4 -> 0.48790188
A10: Avg defect rate | B10: =AVERAGE(Data!$N$2:$N$1201) -> 0.019775833
A12: Key insights (update after reviewing):
A13: • Bananas are 24% of spend (Leverage → tender for price); avocados and berries are Strategic (secure supply, partner).
A14: • Kenya Agro (−5.7% vs market) and Michoacan Avocado (−2.8%) are cheapest but weakest on OTIF/quality → total-cost review; Kenya rated Review/Exit.
A15: • Tyrol Apple Coop and Huelva Berries pay ~5% above market → renegotiation candidates.

Sheet Data
A1: PO_ID | B1: Order_Date | C1: Month | D1: Fruit | E1: Supplier | F1: Origin | G1: Qty_Boxes | H1: Unit_Price_EUR | I1: Market_Price_EUR | J1: Spend_EUR | K1: Price_Var_EUR | L1: Price_Var_% | M1: On_Time (1/0) | N1: Defect_Rate
A2: PO-25002 | B2: 45658 | C2: =TEXT(B2,"yyyy-mm") -> 2025-01 | D2: Bananas | E2: AgroCosta Rica | F2: Costa Rica | G2: 2000 | H2: 14.69 | I2: 15.21 | J2: =G2*H2 -> 29380 | K2: =(H2-I2)*G2 -> -1040 | L2: =IF(I2=0,0,H2/I2-1) -> -0.034188034 | M2: 1 | N2: 0.028
A3: PO-25003 | B3: 45658 | C3: =TEXT(B3,"yyyy-mm") -> 2025-01 | D3: Apples | E3: Chile Fruit Alliance | F3: Chile | G3: 2000 | H3: 16.8 | I3: 16.07 | J3: =G3*H3 -> 33600 | K3: =(H3-I3)*G3 -> 1460 | L3: =IF(I3=0,0,H3/I3-1) -> 0.04542626 | M3: 1 | N3: 0.006
A4: PO-25004 | B4: 45658 | C4: =TEXT(B4,"yyyy-mm") -> 2025-01 | D4: Bananas | E4: Ecuador Banana Co | F4: Ecuador | G4: 400 | H4: 15.87 | I4: 15.62 | J4: =G4*H4 -> 6348 | K4: =(H4-I4)*G4 -> 100 | L4: =IF(I4=0,0,H4/I4-1) -> 0.016005122 | M4: 1 | N4: 0.004
A5: PO-25005 | B5: 45658 | C5: =TEXT(B5,"yyyy-mm") -> 2025-01 | D5: Apples | E5: Tyrol Apple Coop | F5: Italy | G5: 1000 | H5: 17.31 | I5: 16.11 | J5: =G5*H5 -> 17310 | K5: =(H5-I5)*G5 -> 1200 | L5: =IF(I5=0,0,H5/I5-1) -> 0.074487896 | M5: 1 | N5: 0.005
A6: PO-25006 | B6: 45658 | C6: =TEXT(B6,"yyyy-mm") -> 2025-01 | D6: Apples | E6: Cape Fruit Exporters | F6: South Africa | G6: 2000 | H6: 16.39 | I6: 16.47 | J6: =G6*H6 -> 32780 | K6: =(H6-I6)*G6 -> -160 | L6: =IF(I6=0,0,H6/I6-1) -> -0.0048573163 | M6: 1 | N6: 0.022
A7: PO-25007 | B7: 45658 | C7: =TEXT(B7,"yyyy-mm") -> 2025-01 | D7: Bananas | E7: AgroCosta Rica | F7: Costa Rica | G7: 1200 | H7: 14.87 | I7: 15.42 | J7: =G7*H7 -> 17844 | K7: =(H7-I7)*G7 -> -660 | L7: =IF(I7=0,0,H7/I7-1) -> -0.035667964 | M7: 1 | N7: 0.023
A8: PO-25008 | B8: 45658 | C8: =TEXT(B8,"yyyy-mm") -> 2025-01 | D8: Oranges | E8: Valencia Citrus SA | F8: Spain | G8: 800 | H8: 13.33 | I8: 13.37 | J8: =G8*H8 -> 10664 | K8: =(H8-I8)*G8 -> -32 | L8: =IF(I8=0,0,H8/I8-1) -> -0.0029917726 | M8: 1 | N8: 0.009
A9: PO-25009 | B9: 45658 | C9: =TEXT(B9,"yyyy-mm") -> 2025-01 | D9: Bananas | E9: Ecuador Banana Co | F9: Ecuador | G9: 1600 | H9: 14.97 | I9: 14.93 | J9: =G9*H9 -> 23952 | K9: =(H9-I9)*G9 -> 64 | L9: =IF(I9=0,0,H9/I9-1) -> 0.0026791695 | M9: 1 | N9: 0.015
A10: PO-25010 | B10: 45658 | C10: =TEXT(B10,"yyyy-mm") -> 2025-01 | D10: Berries | E10: Huelva Berries | F10: Spain | G10: 2000 | H10: 25.13 | I10: 23.09 | J10: =G10*H10 -> 50260 | K10: =(H10-I10)*G10 -> 4080 | L10: =IF(I10=0,0,H10/I10-1) -> 0.088349935 | M10: 1 | N10: 0.028
A11: PO-25011 | B11: 45658 | C11: =TEXT(B11,"yyyy-mm") -> 2025-01 | D11: Pineapples | E11: Ecuador Banana Co | F11: Ecuador | G11: 1600 | H11: 13.86 | I11: 12.99 | J11: =G11*H11 -> 22176 | K11: =(H11-I11)*G11 -> 1392 | L11: =IF(I11=0,0,H11/I11-1) -> 0.066974596 | M11: 1 | N11: 0.015
A12: PO-25012 | B12: 45659 | C12: =TEXT(B12,"yyyy-mm") -> 2025-01 | D12: Pineapples | E12: AgroCosta Rica | F12: Costa Rica | G12: 1600 | H12: 12.97 | I12: 12.94 | J12: =G12*H12 -> 20752 | K12: =(H12-I12)*G12 -> 48 | L12: =IF(I12=0,0,H12/I12-1) -> 0.0023183926 | M12: 1 | N12: 0.022
A13: PO-25013 | B13: 45659 | C13: =TEXT(B13,"yyyy-mm") -> 2025-01 | D13: Apples | E13: Tyrol Apple Coop | F13: Italy | G13: 2000 | H13: 17.68 | I13: 16.78 | J13: =G13*H13 -> 35360 | K13: =(H13-I13)*G13 -> 1800 | L13: =IF(I13=0,0,H13/I13-1) -> 0.05363528 | M13: 1 | N13: 0.009
... A1201: PO-26201 | B1201: 46022 | C1201: =TEXT(B1201,"yyyy-mm") -> 2025-12 | D1201: Grapes | E1201: Chile Fruit Alliance | F1201: Chile | G1201: 800 | H1201: 20.04 | I1201: 20.05 | J1201: =G1201*H1201 -> 16032 | K1201: =(H1201-I1201)*G1201 -> -8 | L1201: =IF(I1201=0,0,H1201/I1201-1) -> -0.00049875312 | M1201: 1 | N1201: 0.017

Sheet Spend_Cube
A1: Spend cube: fruit × supplier (EUR)
A3: Supplier \ Fruit | B3: Bananas | C3: Apples | D3: Oranges | E3: Avocados | F3: Berries | G3: Grapes | H3: Pineapples | I3: Mangoes | J3: Total | K3: Share %
A4: Ecuador Banana Co | B4: =SUMIFS(Data!$J$2:$J$1201,Data!$E$2:$E$1201,$A4,Data!$D$2:$D$1201,B$3) -> 3877480 | C4: =SUMIFS(Data!$J$2:$J$1201,Data!$E$2:$E$1201,$A4,Data!$D$2:$D$1201,C$3) -> 0 | D4: =SUMIFS(Data!$J$2:$J$1201,Data!$E$2:$E$1201,$A4,Data!$D$2:$D$1201,D$3) -> 0 | E4: =SUMIFS(Data!$J$2:$J$1201,Data!$E$2:$E$1201,$A4,Data!$D$2:$D$1201,E$3) -> 0 | F4: =SUMIFS(Data!$J$2:$J$1201,Data!$E$2:$E$1201,$A4,Data!$D$2:$D$1201,F$3) -> 0 | G4: =SUMIFS(Data!$J$2:$J$1201,Data!$E$2:$E$1201,$A4,Data!$D$2:$D$1201,G$3) -> 0 | H4: =SUMIFS(Data!$J$2:$J$1201,Data!$E$2:$E$1201,$A4,Data!$D$2:$D$1201,H$3) -> 1614942 | I4: =SUMIFS(Data!$J$2:$J$1201,Data!$E$2:$E$1201,$A4,Data!$D$2:$D$1201,I$3) -> 0 | J4: =SUM(B4:I4) -> 5492422 | K4: =J4/$J$14 -> 0.21132098
A5: AgroCosta Rica | B5: =SUMIFS(Data!$J$2:$J$1201,Data!$E$2:$E$1201,$A5,Data!$D$2:$D$1201,B$3) -> 2319196 | C5: =SUMIFS(Data!$J$2:$J$1201,Data!$E$2:$E$1201,$A5,Data!$D$2:$D$1201,C$3) -> 0 | D5: =SUMIFS(Data!$J$2:$J$1201,Data!$E$2:$E$1201,$A5,Data!$D$2:$D$1201,D$3) -> 0 | E5: =SUMIFS(Data!$J$2:$J$1201,Data!$E$2:$E$1201,$A5,Data!$D$2:$D$1201,E$3) -> 0 | F5: =SUMIFS(Data!$J$2:$J$1201,Data!$E$2:$E$1201,$A5,Data!$D$2:$D$1201,F$3) -> 0 | G5: =SUMIFS(Data!$J$2:$J$1201,Data!$E$2:$E$1201,$A5,Data!$D$2:$D$1201,G$3) -> 0 | H5: =SUMIFS(Data!$J$2:$J$1201,Data!$E$2:$E$1201,$A5,Data!$D$2:$D$1201,H$3) -> 1101114 | I5: =SUMIFS(Data!$J$2:$J$1201,Data!$E$2:$E$1201,$A5,Data!$D$2:$D$1201,I$3) -> 0 | J5: =SUM(B5:I5) -> 3420310 | K5: =J5/$J$14 -> 0.13159645
A6: Valencia Citrus SA | B6: =SUMIFS(Data!$J$2:$J$1201,Data!$E$2:$E$1201,$A6,Data!$D$2:$D$1201,B$3) -> 0 | C6: =SUMIFS(Data!$J$2:$J$1201,Data!$E$2:$E$1201,$A6,Data!$D$2:$D$1201,C$3) -> 0 | D6: =SUMIFS(Data!$J$2:$J$1201,Data!$E$2:$E$1201,$A6,Data!$D$2:$D$1201,D$3) -> 2105166 | E6: =SUMIFS(Data!$J$2:$J$1201,Data!$E$2:$E$1201,$A6,Data!$D$2:$D$1201,E$3) -> 0 | F6: =SUMIFS(Data!$J$2:$J$1201,Data!$E$2:$E$1201,$A6,Data!$D$2:$D$1201,F$3) -> 0 | G6: =SUMIFS(Data!$J$2:$J$1201,Data!$E$2:$E$1201,$A6,Data!$D$2:$D$1201,G$3) -> 0 | H6: =SUMIFS(Data!$J$2:$J$1201,Data!$E$2:$E$1201,$A6,Data!$D$2:$D$1201,H$3) -> 0 | I6: =SUMIFS(Data!$J$2:$J$1201,Data!$E$2:$E$1201,$A6,Data!$D$2:$D$1201,I$3) -> 0 | J6: =SUM(B6:I6) -> 2105166 | K6: =J6/$J$14 -> 0.080996278
A7: Cape Fruit Exporters | B7: =SUMIFS(Data!$J$2:$J$1201,Data!$E$2:$E$1201,$A7,Data!$D$2:$D$1201,B$3) -> 0 | C7: =SUMIFS(Data!$J$2:$J$1201,Data!$E$2:$E$1201,$A7,Data!$D$2:$D$1201,C$3) -> 625570 | D7: =SUMIFS(Data!$J$2:$J$1201,Data!$E$2:$E$1201,$A7,Data!$D$2:$D$1201,D$3) -> 713030 | E7: =SUMIFS(Data!$J$2:$J$1201,Data!$E$2:$E$1201,$A7,Data!$D$2:$D$1201,E$3) -> 0 | F7: =SUMIFS(Data!$J$2:$J$1201,Data!$E$2:$E$1201,$A7,Data!$D$2:$D$1201,F$3) -> 0 | G7: =SUMIFS(Data!$J$2:$J$1201,Data!$E$2:$E$1201,$A7,Data!$D$2:$D$1201,G$3) -> 626546 | H7: =SUMIFS(Data!$J$2:$J$1201,Data!$E$2:$E$1201,$A7,Data!$D$2:$D$1201,H$3) -> 0 | I7: =SUMIFS(Data!$J$2:$J$1201,Data!$E$2:$E$1201,$A7,Data!$D$2:$D$1201,I$3) -> 0 | J7: =SUM(B7:I7) -> 1965146 | K7: =J7/$J$14 -> 0.075609007
A8: Andes Fresh | B8: =SUMIFS(Data!$J$2:$J$1201,Data!$E$2:$E$1201,$A8,Data!$D$2:$D$1201,B$3) -> 0 | C8: =SUMIFS(Data!$J$2:$J$1201,Data!$E$2:$E$1201,$A8,Data!$D$2:$D$1201,C$3) -> 0 | D8: =SUMIFS(Data!$J$2:$J$1201,Data!$E$2:$E$1201,$A8,Data!$D$2:$D$1201,D$3) -> 0 | E8: =SUMIFS(Data!$J$2:$J$1201,Data!$E$2:$E$1201,$A8,Data!$D$2:$D$1201,E$3) -> 538652 | F8: =SUMIFS(Data!$J$2:$J$1201,Data!$E$2:$E$1201,$A8,Data!$D$2:$D$1201,F$3) -> 1267180 | G8: =SUMIFS(Data!$J$2:$J$1201,Data!$E$2:$E$1201,$A8,Data!$D$2:$D$1201,G$3) -> 1209670 | H8: =SUMIFS(Data!$J$2:$J$1201,Data!$E$2:$E$1201,$A8,Data!$D$2:$D$1201,H$3) -> 0 | I8: =SUMIFS(Data!$J$2:$J$1201,Data!$E$2:$E$1201,$A8,Data!$D$2:$D$1201,I$3) -> 752774 | J8: =SUM(B8:I8) -> 3768276 | K8: =J8/$J$14 -> 0.14498445
A9: Tyrol Apple Coop | B9: =SUMIFS(Data!$J$2:$J$1201,Data!$E$2:$E$1201,$A9,Data!$D$2:$D$1201,B$3) -> 0 | C9: =SUMIFS(Data!$J$2:$J$1201,Data!$E$2:$E$1201,$A9,Data!$D$2:$D$1201,C$3) -> 1835486 | D9: =SUMIFS(Data!$J$2:$J$1201,Data!$E$2:$E$1201,$A9,Data!$D$2:$D$1201,D$3) -> 0 | E9: =SUMIFS(Data!$J$2:$J$1201,Data!$E$2:$E$1201,$A9,Data!$D$2:$D$1201,E$3) -> 0 | F9: =SUMIFS(Data!$J$2:$J$1201,Data!$E$2:$E$1201,$A9,Data!$D$2:$D$1201,F$3) -> 0 | G9: =SUMIFS(Data!$J$2:$J$1201,Data!$E$2:$E$1201,$A9,Data!$D$2:$D$1201,G$3) -> 0 | H9: =SUMIFS(Data!$J$2:$J$1201,Data!$E$2:$E$1201,$A9,Data!$D$2:$D$1201,H$3) -> 0 | I9: =SUMIFS(Data!$J$2:$J$1201,Data!$E$2:$E$1201,$A9,Data!$D$2:$D$1201,I$3) -> 0 | J9: =SUM(B9:I9) -> 1835486 | K9: =J9/$J$14 -> 0.070620338
A10: Huelva Berries | B10: =SUMIFS(Data!$J$2:$J$1201,Data!$E$2:$E$1201,$A10,Data!$D$2:$D$1201,B$3) -> 0 | C10: =SUMIFS(Data!$J$2:$J$1201,Data!$E$2:$E$1201,$A10,Data!$D$2:$D$1201,C$3) -> 0 | D10: =SUMIFS(Data!$J$2:$J$1201,Data!$E$2:$E$1201,$A10,Data!$D$2:$D$1201,D$3) -> 0 | E10: =SUMIFS(Data!$J$2:$J$1201,Data!$E$2:$E$1201,$A10,Data!$D$2:$D$1201,E$3) -> 0 | F10: =SUMIFS(Data!$J$2:$J$1201,Data!$E$2:$E$1201,$A10,Data!$D$2:$D$1201,F$3) -> 1871238 | G10: =SUMIFS(Data!$J$2:$J$1201,Data!$E$2:$E$1201,$A10,Data!$D$2:$D$1201,G$3) -> 0 | H10: =SUMIFS(Data!$J$2:$J$1201,Data!$E$2:$E$1201,$A10,Data!$D$2:$D$1201,H$3) -> 0 | I10: =SUMIFS(Data!$J$2:$J$1201,Data!$E$2:$E$1201,$A10,Data!$D$2:$D$1201,I$3) -> 0 | J10: =SUM(B10:I10) -> 1871238 | K10: =J10/$J$14 -> 0.071995896
A11: Michoacan Avocado | B11: =SUMIFS(Data!$J$2:$J$1201,Data!$E$2:$E$1201,$A11,Data!$D$2:$D$1201,B$3) -> 0 | C11: =SUMIFS(Data!$J$2:$J$1201,Data!$E$2:$E$1201,$A11,Data!$D$2:$D$1201,C$3) -> 0 | D11: =SUMIFS(Data!$J$2:$J$1201,Data!$E$2:$E$1201,$A11,Data!$D$2:$D$1201,D$3) -> 0 | E11: =SUMIFS(Data!$J$2:$J$1201,Data!$E$2:$E$1201,$A11,Data!$D$2:$D$1201,E$3) -> 2459984 | F11: =SUMIFS(Data!$J$2:$J$1201,Data!$E$2:$E$1201,$A11,Data!$D$2:$D$1201,F$3) -> 0 | G11: =SUMIFS(Data!$J$2:$J$1201,Data!$E$2:$E$1201,$A11,Data!$D$2:$D$1201,G$3) -> 0 | H11: =SUMIFS(Data!$J$2:$J$1201,Data!$E$2:$E$1201,$A11,Data!$D$2:$D$1201,H$3) -> 0 | I11: =SUMIFS(Data!$J$2:$J$1201,Data!$E$2:$E$1201,$A11,Data!$D$2:$D$1201,I$3) -> 0 | J11: =SUM(B11:I11) -> 2459984 | K11: =J11/$J$14 -> 0.094647903
A12: Kenya Agro | B12: =SUMIFS(Data!$J$2:$J$1201,Data!$E$2:$E$1201,$A12,Data!$D$2:$D$1201,B$3) -> 0 | C12: =SUMIFS(Data!$J$2:$J$1201,Data!$E$2:$E$1201,$A12,Data!$D$2:$D$1201,C$3) -> 0 | D12: =SUMIFS(Data!$J$2:$J$1201,Data!$E$2:$E$1201,$A12,Data!$D$2:$D$1201,D$3) -> 0 | E12: =SUMIFS(Data!$J$2:$J$1201,Data!$E$2:$E$1201,$A12,Data!$D$2:$D$1201,E$3) -> 678302 | F12: =SUMIFS(Data!$J$2:$J$1201,Data!$E$2:$E$1201,$A12,Data!$D$2:$D$1201,F$3) -> 0 | G12: =SUMIFS(Data!$J$2:$J$1201,Data!$E$2:$E$1201,$A12,Data!$D$2:$D$1201,G$3) -> 0 | H12: =SUMIFS(Data!$J$2:$J$1201,Data!$E$2:$E$1201,$A12,Data!$D$2:$D$1201,H$3) -> 0 | I12: =SUMIFS(Data!$J$2:$J$1201,Data!$E$2:$E$1201,$A12,Data!$D$2:$D$1201,I$3) -> 191612 | J12: =SUM(B12:I12) -> 869914 | K12: =J12/$J$14 -> 0.033469948
A13: Chile Fruit Alliance | B13: =SUMIFS(Data!$J$2:$J$1201,Data!$E$2:$E$1201,$A13,Data!$D$2:$D$1201,B$3) -> 0 | C13: =SUMIFS(Data!$J$2:$J$1201,Data!$E$2:$E$1201,$A13,Data!$D$2:$D$1201,C$3) -> 692610 | D13: =SUMIFS(Data!$J$2:$J$1201,Data!$E$2:$E$1201,$A13,Data!$D$2:$D$1201,D$3) -> 0 | E13: =SUMIFS(Data!$J$2:$J$1201,Data!$E$2:$E$1201,$A13,Data!$D$2:$D$1201,E$3) -> 0 | F13: =SUMIFS(Data!$J$2:$J$1201,Data!$E$2:$E$1201,$A13,Data!$D$2:$D$1201,F$3) -> 794562 | G13: =SUMIFS(Data!$J$2:$J$1201,Data!$E$2:$E$1201,$A13,Data!$D$2:$D$1201,G$3) -> 715784 | H13: =SUMIFS(Data!$J$2:$J$1201,Data!$E$2:$E$1201,$A13,Data!$D$2:$D$1201,H$3) -> 0 | I13: =SUMIFS(Data!$J$2:$J$1201,Data!$E$2:$E$1201,$A13,Data!$D$2:$D$1201,I$3) -> 0 | J13: =SUM(B13:I13) -> 2202956 | K13: =J13/$J$14 -> 0.084758749
A14: Total | B14: =SUM(B4:B13) -> 6196676 | C14: =SUM(C4:C13) -> 3153666 | D14: =SUM(D4:D13) -> 2818196 | E14: =SUM(E4:E13) -> 3676938 | F14: =SUM(F4:F13) -> 3932980 | G14: =SUM(G4:G13) -> 2552000 | H14: =SUM(H4:H13) -> 2716056 | I14: =SUM(I4:I13) -> 944386 | ... K14: =SUM(K4:K13) -> 1

Sheet Monthly_Trend
A1: Month | B1: Spend_EUR | C1: Price_Var_EUR | D1: Avg_Paid_€/box | E1: Avg_Market_€/box
A2: 2025-01 | B2: =SUMIFS(Data!$J$2:$J$1201,Data!$C$2:$C$1201,A2) -> 1757632 | C2: =SUMIFS(Data!$K$2:$K$1201,Data!$C$2:$C$1201,A2) -> 25104 | D2: =SUMIFS(Data!$J$2:$J$1201,Data!$C$2:$C$1201,A2)/SUMIFS(Data!$G$2:$G$1201,Data!$C$2:$C$1201,A2) -> 16.612779 | E2: =SUMPRODUCT((Data!$C$2:$C$1201=A2)*Data!$I$2:$I$1201*Data!$G$2:$G$1201)/SUMIFS(Data!$G$2:$G$1201,Data!$C$2:$C$1201,A2) -> 16.375501
A3: 2025-02 | B3: =SUMIFS(Data!$J$2:$J$1201,Data!$C$2:$C$1201,A3) -> 2166134 | C3: =SUMIFS(Data!$K$2:$K$1201,Data!$C$2:$C$1201,A3) -> 46192 | D3: =SUMIFS(Data!$J$2:$J$1201,Data!$C$2:$C$1201,A3)/SUMIFS(Data!$G$2:$G$1201,Data!$C$2:$C$1201,A3) -> 17.813602 | E3: =SUMPRODUCT((Data!$C$2:$C$1201=A3)*Data!$I$2:$I$1201*Data!$G$2:$G$1201)/SUMIFS(Data!$G$2:$G$1201,Data!$C$2:$C$1201,A3) -> 17.433734
A4: 2025-03 | B4: =SUMIFS(Data!$J$2:$J$1201,Data!$C$2:$C$1201,A4) -> 2164050 | C4: =SUMIFS(Data!$K$2:$K$1201,Data!$C$2:$C$1201,A4) -> 13116 | D4: =SUMIFS(Data!$J$2:$J$1201,Data!$C$2:$C$1201,A4)/SUMIFS(Data!$G$2:$G$1201,Data!$C$2:$C$1201,A4) -> 19.253114 | E4: =SUMPRODUCT((Data!$C$2:$C$1201=A4)*Data!$I$2:$I$1201*Data!$G$2:$G$1201)/SUMIFS(Data!$G$2:$G$1201,Data!$C$2:$C$1201,A4) -> 19.136423
A5: 2025-04 | B5: =SUMIFS(Data!$J$2:$J$1201,Data!$C$2:$C$1201,A5) -> 2427270 | C5: =SUMIFS(Data!$K$2:$K$1201,Data!$C$2:$C$1201,A5) -> 19988 | D5: =SUMIFS(Data!$J$2:$J$1201,Data!$C$2:$C$1201,A5)/SUMIFS(Data!$G$2:$G$1201,Data!$C$2:$C$1201,A5) -> 20.060083 | E5: =SUMPRODUCT((Data!$C$2:$C$1201=A5)*Data!$I$2:$I$1201*Data!$G$2:$G$1201)/SUMIFS(Data!$G$2:$G$1201,Data!$C$2:$C$1201,A5) -> 19.894893
A6: 2025-05 | B6: =SUMIFS(Data!$J$2:$J$1201,Data!$C$2:$C$1201,A6) -> 2143342 | C6: =SUMIFS(Data!$K$2:$K$1201,Data!$C$2:$C$1201,A6) -> 21056 | D6: =SUMIFS(Data!$J$2:$J$1201,Data!$C$2:$C$1201,A6)/SUMIFS(Data!$G$2:$G$1201,Data!$C$2:$C$1201,A6) -> 22.514097 | E6: =SUMPRODUCT((Data!$C$2:$C$1201=A6)*Data!$I$2:$I$1201*Data!$G$2:$G$1201)/SUMIFS(Data!$G$2:$G$1201,Data!$C$2:$C$1201,A6) -> 22.29292
A7: 2025-06 | B7: =SUMIFS(Data!$J$2:$J$1201,Data!$C$2:$C$1201,A7) -> 2245608 | C7: =SUMIFS(Data!$K$2:$K$1201,Data!$C$2:$C$1201,A7) -> 35140 | D7: =SUMIFS(Data!$J$2:$J$1201,Data!$C$2:$C$1201,A7)/SUMIFS(Data!$G$2:$G$1201,Data!$C$2:$C$1201,A7) -> 21.145085 | E7: =SUMPRODUCT((Data!$C$2:$C$1201=A7)*Data!$I$2:$I$1201*Data!$G$2:$G$1201)/SUMIFS(Data!$G$2:$G$1201,Data!$C$2:$C$1201,A7) -> 20.8142
A8: 2025-07 | B8: =SUMIFS(Data!$J$2:$J$1201,Data!$C$2:$C$1201,A8) -> 2610786 | C8: =SUMIFS(Data!$K$2:$K$1201,Data!$C$2:$C$1201,A8) -> 42852 | D8: =SUMIFS(Data!$J$2:$J$1201,Data!$C$2:$C$1201,A8)/SUMIFS(Data!$G$2:$G$1201,Data!$C$2:$C$1201,A8) -> 20.687686 | E8: =SUMPRODUCT((Data!$C$2:$C$1201=A8)*Data!$I$2:$I$1201*Data!$G$2:$G$1201)/SUMIFS(Data!$G$2:$G$1201,Data!$C$2:$C$1201,A8) -> 20.34813
A9: 2025-08 | B9: =SUMIFS(Data!$J$2:$J$1201,Data!$C$2:$C$1201,A9) -> 2780742 | C9: =SUMIFS(Data!$K$2:$K$1201,Data!$C$2:$C$1201,A9) -> 43128 | D9: =SUMIFS(Data!$J$2:$J$1201,Data!$C$2:$C$1201,A9)/SUMIFS(Data!$G$2:$G$1201,Data!$C$2:$C$1201,A9) -> 20.720879 | E9: =SUMPRODUCT((Data!$C$2:$C$1201=A9)*Data!$I$2:$I$1201*Data!$G$2:$G$1201)/SUMIFS(Data!$G$2:$G$1201,Data!$C$2:$C$1201,A9) -> 20.399508
A10: 2025-09 | B10: =SUMIFS(Data!$J$2:$J$1201,Data!$C$2:$C$1201,A10) -> 2153488 | C10: =SUMIFS(Data!$K$2:$K$1201,Data!$C$2:$C$1201,A10) -> 18554 | D10: =SUMIFS(Data!$J$2:$J$1201,Data!$C$2:$C$1201,A10)/SUMIFS(Data!$G$2:$G$1201,Data!$C$2:$C$1201,A10) -> 18.693472 | E10: =SUMPRODUCT((Data!$C$2:$C$1201=A10)*Data!$I$2:$I$1201*Data!$G$2:$G$1201)/SUMIFS(Data!$G$2:$G$1201,Data!$C$2:$C$1201,A10) -> 18.532413
A11: 2025-10 | B11: =SUMIFS(Data!$J$2:$J$1201,Data!$C$2:$C$1201,A11) -> 1892878 | C11: =SUMIFS(Data!$K$2:$K$1201,Data!$C$2:$C$1201,A11) -> 26792 | D11: =SUMIFS(Data!$J$2:$J$1201,Data!$C$2:$C$1201,A11)/SUMIFS(Data!$G$2:$G$1201,Data!$C$2:$C$1201,A11) -> 17.85734 | E11: =SUMPRODUCT((Data!$C$2:$C$1201=A11)*Data!$I$2:$I$1201*Data!$G$2:$G$1201)/SUMIFS(Data!$G$2:$G$1201,Data!$C$2:$C$1201,A11) -> 17.604585
A12: 2025-11 | B12: =SUMIFS(Data!$J$2:$J$1201,Data!$C$2:$C$1201,A12) -> 1750176 | C12: =SUMIFS(Data!$K$2:$K$1201,Data!$C$2:$C$1201,A12) -> 26464 | D12: =SUMIFS(Data!$J$2:$J$1201,Data!$C$2:$C$1201,A12)/SUMIFS(Data!$G$2:$G$1201,Data!$C$2:$C$1201,A12) -> 17.642903 | E12: =SUMPRODUCT((Data!$C$2:$C$1201=A12)*Data!$I$2:$I$1201*Data!$G$2:$G$1201)/SUMIFS(Data!$G$2:$G$1201,Data!$C$2:$C$1201,A12) -> 17.376129
A13: 2025-12 | B13: =SUMIFS(Data!$J$2:$J$1201,Data!$C$2:$C$1201,A13) -> 1898792 | C13: =SUMIFS(Data!$K$2:$K$1201,Data!$C$2:$C$1201,A13) -> 11224 | D13: =SUMIFS(Data!$J$2:$J$1201,Data!$C$2:$C$1201,A13)/SUMIFS(Data!$G$2:$G$1201,Data!$C$2:$C$1201,A13) -> 17.778951 | E13: =SUMPRODUCT((Data!$C$2:$C$1201=A13)*Data!$I$2:$I$1201*Data!$G$2:$G$1201)/SUMIFS(Data!$G$2:$G$1201,Data!$C$2:$C$1201,A13) -> 17.673858

Sheet Pareto
A1: Supplier | B1: Spend_EUR | C1: Share % | D1: Cumulative % | E1: Class
A2: Ecuador Banana Co | B2: =SUMIFS(Data!$J$2:$J$1201,Data!$E$2:$E$1201,A2) -> 5492422 | C2: =B2/SUM($B$2:$B$11) -> 0.21132098 | D2: =SUM($C$2:C2) -> 0.21132098 | E2: =IF(D2-C2<0.8,"A (top 80%)",IF(D2-C2<0.95,"B","C")) -> A (top 80%)
A3: Andes Fresh | B3: =SUMIFS(Data!$J$2:$J$1201,Data!$E$2:$E$1201,A3) -> 3768276 | C3: =B3/SUM($B$2:$B$11) -> 0.14498445 | D3: =SUM($C$2:C3) -> 0.35630543 | E3: =IF(D3-C3<0.8,"A (top 80%)",IF(D3-C3<0.95,"B","C")) -> A (top 80%)
A4: AgroCosta Rica | B4: =SUMIFS(Data!$J$2:$J$1201,Data!$E$2:$E$1201,A4) -> 3420310 | C4: =B4/SUM($B$2:$B$11) -> 0.13159645 | D4: =SUM($C$2:C4) -> 0.48790188 | E4: =IF(D4-C4<0.8,"A (top 80%)",IF(D4-C4<0.95,"B","C")) -> A (top 80%)
A5: Michoacan Avocado | B5: =SUMIFS(Data!$J$2:$J$1201,Data!$E$2:$E$1201,A5) -> 2459984 | C5: =B5/SUM($B$2:$B$11) -> 0.094647903 | D5: =SUM($C$2:C5) -> 0.58254978 | E5: =IF(D5-C5<0.8,"A (top 80%)",IF(D5-C5<0.95,"B","C")) -> A (top 80%)
A6: Chile Fruit Alliance | B6: =SUMIFS(Data!$J$2:$J$1201,Data!$E$2:$E$1201,A6) -> 2202956 | C6: =B6/SUM($B$2:$B$11) -> 0.084758749 | D6: =SUM($C$2:C6) -> 0.66730853 | E6: =IF(D6-C6<0.8,"A (top 80%)",IF(D6-C6<0.95,"B","C")) -> A (top 80%)
A7: Valencia Citrus SA | B7: =SUMIFS(Data!$J$2:$J$1201,Data!$E$2:$E$1201,A7) -> 2105166 | C7: =B7/SUM($B$2:$B$11) -> 0.080996278 | D7: =SUM($C$2:C7) -> 0.74830481 | E7: =IF(D7-C7<0.8,"A (top 80%)",IF(D7-C7<0.95,"B","C")) -> A (top 80%)
A8: Cape Fruit Exporters | B8: =SUMIFS(Data!$J$2:$J$1201,Data!$E$2:$E$1201,A8) -> 1965146 | C8: =B8/SUM($B$2:$B$11) -> 0.075609007 | D8: =SUM($C$2:C8) -> 0.82391382 | E8: =IF(D8-C8<0.8,"A (top 80%)",IF(D8-C8<0.95,"B","C")) -> A (top 80%)
A9: Huelva Berries | B9: =SUMIFS(Data!$J$2:$J$1201,Data!$E$2:$E$1201,A9) -> 1871238 | C9: =B9/SUM($B$2:$B$11) -> 0.071995896 | D9: =SUM($C$2:C9) -> 0.89590971 | E9: =IF(D9-C9<0.8,"A (top 80%)",IF(D9-C9<0.95,"B","C")) -> B
A10: Tyrol Apple Coop | B10: =SUMIFS(Data!$J$2:$J$1201,Data!$E$2:$E$1201,A10) -> 1835486 | C10: =B10/SUM($B$2:$B$11) -> 0.070620338 | D10: =SUM($C$2:C10) -> 0.96653005 | E10: =IF(D10-C10<0.8,"A (top 80%)",IF(D10-C10<0.95,"B","C")) -> B
A11: Kenya Agro | B11: =SUMIFS(Data!$J$2:$J$1201,Data!$E$2:$E$1201,A11) -> 869914 | C11: =B11/SUM($B$2:$B$11) -> 0.033469948 | D11: =SUM($C$2:C11) -> 1 | E11: =IF(D11-C11<0.8,"A (top 80%)",IF(D11-C11<0.95,"B","C")) -> C

Sheet Kraljic
A1: Kraljic matrix by fruit: edit the blue Supply Risk scores (1–5)
A3: Fruit | B3: Spend_EUR | C3: Spend share % | D3: Supply Risk (1-5) | E3: Profit impact | F3: Quadrant | G3: Rationale | I3: Threshold: high spend share ≥ | J3: 0.125
A4: Bananas | B4: =SUMIFS(Data!$J$2:$J$1201,Data!$D$2:$D$1201,A4) -> 6196676 | C4: =B4/SUM($B$4:$B$11) -> 0.23841716 | D4: 2 | E4: =IF(C4>=$J$3,"High","Low") -> High | F4: =IF(AND(C4>=$J$3,D4>=$J$4),"Strategic",IF(C4>=$J$3,"Leverage",IF(D4>=$J$4,"Bottleneck","Routine"))) -> Leverage | G4: Many origins, but TR4 disease and Ecuador weather | I4: Threshold: high risk ≥ | J4: 3
A5: Apples | B5: =SUMIFS(Data!$J$2:$J$1201,Data!$D$2:$D$1201,A5) -> 3153666 | C5: =B5/SUM($B$4:$B$11) -> 0.12133732 | D5: 1 | E5: =IF(C5>=$J$3,"High","Low") -> Low | F5: =IF(AND(C5>=$J$3,D5>=$J$4),"Strategic",IF(C5>=$J$3,"Leverage",IF(D5>=$J$4,"Bottleneck","Routine"))) -> Routine | G5: Abundant EU supply, storable
A6: Oranges | B6: =SUMIFS(Data!$J$2:$J$1201,Data!$D$2:$D$1201,A6) -> 2818196 | C6: =B6/SUM($B$4:$B$11) -> 0.10843011 | D6: 2 | E6: =IF(C6>=$J$3,"High","Low") -> Low | F6: =IF(AND(C6>=$J$3,D6>=$J$4),"Strategic",IF(C6>=$J$3,"Leverage",IF(D6>=$J$4,"Bottleneck","Routine"))) -> Routine | G6: Spain/S.Africa seasonal swing
A7: Avocados | B7: =SUMIFS(Data!$J$2:$J$1201,Data!$D$2:$D$1201,A7) -> 3676938 | C7: =B7/SUM($B$4:$B$11) -> 0.14147022 | D7: 4 | E7: =IF(C7>=$J$3,"High","Low") -> High | F7: =IF(AND(C7>=$J$3,D7>=$J$4),"Strategic",IF(C7>=$J$3,"Leverage",IF(D7>=$J$4,"Bottleneck","Routine"))) -> Strategic | G7: Few origins, volatile prices, Mexico/Peru/Kenya concentration
A8: Berries | B8: =SUMIFS(Data!$J$2:$J$1201,Data!$D$2:$D$1201,A8) -> 3932980 | C8: =B8/SUM($B$4:$B$11) -> 0.15132144 | D8: 4 | E8: =IF(C8>=$J$3,"High","Low") -> High | F8: =IF(AND(C8>=$J$3,D8>=$J$4),"Strategic",IF(C8>=$J$3,"Leverage",IF(D8>=$J$4,"Bottleneck","Routine"))) -> Strategic | G8: Highly perishable, short seasons, weather risk
A9: Grapes | B9: =SUMIFS(Data!$J$2:$J$1201,Data!$D$2:$D$1201,A9) -> 2552000 | C9: =B9/SUM($B$4:$B$11) -> 0.09818822 | D9: 3 | E9: =IF(C9>=$J$3,"High","Low") -> Low | F9: =IF(AND(C9>=$J$3,D9>=$J$4),"Strategic",IF(C9>=$J$3,"Leverage",IF(D9>=$J$4,"Bottleneck","Routine"))) -> Bottleneck | G9: Counter-seasonal sourcing needed
A10: Pineapples | B10: =SUMIFS(Data!$J$2:$J$1201,Data!$D$2:$D$1201,A10) -> 2716056 | C10: =B10/SUM($B$4:$B$11) -> 0.10450028 | D10: 2 | E10: =IF(C10>=$J$3,"High","Low") -> Low | F10: =IF(AND(C10>=$J$3,D10>=$J$4),"Strategic",IF(C10>=$J$3,"Leverage",IF(D10>=$J$4,"Bottleneck","Routine"))) -> Routine | G10: Costa Rica dominant but stable
A11: Mangoes | B11: =SUMIFS(Data!$J$2:$J$1201,Data!$D$2:$D$1201,A11) -> 944386 | C11: =B11/SUM($B$4:$B$11) -> 0.036335259 | D11: 3 | E11: =IF(C11>=$J$3,"High","Low") -> Low | F11: =IF(AND(C11>=$J$3,D11>=$J$4),"Strategic",IF(C11>=$J$3,"Leverage",IF(D11>=$J$4,"Bottleneck","Routine"))) -> Bottleneck | G11: Quality variability, limited origins

Sheet Supplier_Scorecard
A1: Supplier | B1: Origin | C1: Spend_EUR | D1: # POs | E1: OTIF % | F1: Avg Defect % | G1: Price vs Market % | H1: Rating | J1: Rating rules: Strategic = OTIF ≥95% and defects ≤2%; Review/Exit = OTIF <88% or defects >3.5%; else Develop. Targets are assumptions (blue in your own version).
A2: Ecuador Banana Co | B2: Ecuador | C2: =SUMIFS(Data!$J$2:$J$1201,Data!$E$2:$E$1201,A2) -> 5492422 | D2: =COUNTIFS(Data!$E$2:$E$1201,A2) -> 224 | E2: =AVERAGEIFS(Data!$M$2:$M$1201,Data!$E$2:$E$1201,A2) -> 0.95982143 | F2: =AVERAGEIFS(Data!$N$2:$N$1201,Data!$E$2:$E$1201,A2) -> 0.011986607 | G2: =SUMIFS(Data!$K$2:$K$1201,Data!$E$2:$E$1201,A2)/(C2-SUMIFS(Data!$K$2:$K$1201,Data!$E$2:$E$1201,A2)) -> 0.034195109 | H2: =IF(AND(E2>=0.95,F2<=0.02),"Strategic",IF(OR(E2<0.88,F2>0.035),"Review / Exit","Develop")) -> Strategic
A3: AgroCosta Rica | B3: Costa Rica | C3: =SUMIFS(Data!$J$2:$J$1201,Data!$E$2:$E$1201,A3) -> 3420310 | D3: =COUNTIFS(Data!$E$2:$E$1201,A3) -> 142 | E3: =AVERAGEIFS(Data!$M$2:$M$1201,Data!$E$2:$E$1201,A3) -> 0.93661972 | F3: =AVERAGEIFS(Data!$N$2:$N$1201,Data!$E$2:$E$1201,A3) -> 0.018021127 | G3: =SUMIFS(Data!$K$2:$K$1201,Data!$E$2:$E$1201,A3)/(C3-SUMIFS(Data!$K$2:$K$1201,Data!$E$2:$E$1201,A3)) -> -0.0030907216 | H3: =IF(AND(E3>=0.95,F3<=0.02),"Strategic",IF(OR(E3<0.88,F3>0.035),"Review / Exit","Develop")) -> Develop
A4: Valencia Citrus SA | B4: Spain | C4: =SUMIFS(Data!$J$2:$J$1201,Data!$E$2:$E$1201,A4) -> 2105166 | D4: =COUNTIFS(Data!$E$2:$E$1201,A4) -> 149 | E4: =AVERAGEIFS(Data!$M$2:$M$1201,Data!$E$2:$E$1201,A4) -> 0.93288591 | F4: =AVERAGEIFS(Data!$N$2:$N$1201,Data!$E$2:$E$1201,A4) -> 0.015302013 | G4: =SUMIFS(Data!$K$2:$K$1201,Data!$E$2:$E$1201,A4)/(C4-SUMIFS(Data!$K$2:$K$1201,Data!$E$2:$E$1201,A4)) -> 0.027448527 | H4: =IF(AND(E4>=0.95,F4<=0.02),"Strategic",IF(OR(E4<0.88,F4>0.035),"Review / Exit","Develop")) -> Develop
A5: Cape Fruit Exporters | B5: South Africa | C5: =SUMIFS(Data!$J$2:$J$1201,Data!$E$2:$E$1201,A5) -> 1965146 | D5: =COUNTIFS(Data!$E$2:$E$1201,A5) -> 108 | E5: =AVERAGEIFS(Data!$M$2:$M$1201,Data!$E$2:$E$1201,A5) -> 0.88888889 | F5: =AVERAGEIFS(Data!$N$2:$N$1201,Data!$E$2:$E$1201,A5) -> 0.0305 | G5: =SUMIFS(Data!$K$2:$K$1201,Data!$E$2:$E$1201,A5)/(C5-SUMIFS(Data!$K$2:$K$1201,Data!$E$2:$E$1201,A5)) -> -0.014939723 | H5: =IF(AND(E5>=0.95,F5<=0.02),"Strategic",IF(OR(E5<0.88,F5>0.035),"Review / Exit","Develop")) -> Develop
A6: Andes Fresh | B6: Peru | C6: =SUMIFS(Data!$J$2:$J$1201,Data!$E$2:$E$1201,A6) -> 3768276 | D6: =COUNTIFS(Data!$E$2:$E$1201,A6) -> 154 | E6: =AVERAGEIFS(Data!$M$2:$M$1201,Data!$E$2:$E$1201,A6) -> 0.96103896 | F6: =AVERAGEIFS(Data!$N$2:$N$1201,Data!$E$2:$E$1201,A6) -> 0.022753247 | G6: =SUMIFS(Data!$K$2:$K$1201,Data!$E$2:$E$1201,A6)/(C6-SUMIFS(Data!$K$2:$K$1201,Data!$E$2:$E$1201,A6)) -> 0.0061588002 | H6: =IF(AND(E6>=0.95,F6<=0.02),"Strategic",IF(OR(E6<0.88,F6>0.035),"Review / Exit","Develop")) -> Develop
A7: Tyrol Apple Coop | B7: Italy | C7: =SUMIFS(Data!$J$2:$J$1201,Data!$E$2:$E$1201,A7) -> 1835486 | D7: =COUNTIFS(Data!$E$2:$E$1201,A7) -> 107 | E7: =AVERAGEIFS(Data!$M$2:$M$1201,Data!$E$2:$E$1201,A7) -> 0.96261682 | F7: =AVERAGEIFS(Data!$N$2:$N$1201,Data!$E$2:$E$1201,A7) -> 0.0078037383 | G7: =SUMIFS(Data!$K$2:$K$1201,Data!$E$2:$E$1201,A7)/(C7-SUMIFS(Data!$K$2:$K$1201,Data!$E$2:$E$1201,A7)) -> 0.050302762 | H7: =IF(AND(E7>=0.95,F7<=0.02),"Strategic",IF(OR(E7<0.88,F7>0.035),"Review / Exit","Develop")) -> Strategic
A8: Huelva Berries | B8: Spain | C8: =SUMIFS(Data!$J$2:$J$1201,Data!$E$2:$E$1201,A8) -> 1871238 | D8: =COUNTIFS(Data!$E$2:$E$1201,A8) -> 60 | E8: =AVERAGEIFS(Data!$M$2:$M$1201,Data!$E$2:$E$1201,A8) -> 0.95 | F8: =AVERAGEIFS(Data!$N$2:$N$1201,Data!$E$2:$E$1201,A8) -> 0.0213 | G8: =SUMIFS(Data!$K$2:$K$1201,Data!$E$2:$E$1201,A8)/(C8-SUMIFS(Data!$K$2:$K$1201,Data!$E$2:$E$1201,A8)) -> 0.065359552 | H8: =IF(AND(E8>=0.95,F8<=0.02),"Strategic",IF(OR(E8<0.88,F8>0.035),"Review / Exit","Develop")) -> Develop
A9: Michoacan Avocado | B9: Mexico | C9: =SUMIFS(Data!$J$2:$J$1201,Data!$E$2:$E$1201,A9) -> 2459984 | D9: =COUNTIFS(Data!$E$2:$E$1201,A9) -> 110 | E9: =AVERAGEIFS(Data!$M$2:$M$1201,Data!$E$2:$E$1201,A9) -> 0.88181818 | F9: =AVERAGEIFS(Data!$N$2:$N$1201,Data!$E$2:$E$1201,A9) -> 0.033190909 | G9: =SUMIFS(Data!$K$2:$K$1201,Data!$E$2:$E$1201,A9)/(C9-SUMIFS(Data!$K$2:$K$1201,Data!$E$2:$E$1201,A9)) -> -0.027758851 | H9: =IF(AND(E9>=0.95,F9<=0.02),"Strategic",IF(OR(E9<0.88,F9>0.035),"Review / Exit","Develop")) -> Develop
A10: Kenya Agro | B10: Kenya | C10: =SUMIFS(Data!$J$2:$J$1201,Data!$E$2:$E$1201,A10) -> 869914 | D10: =COUNTIFS(Data!$E$2:$E$1201,A10) -> 46 | E10: =AVERAGEIFS(Data!$M$2:$M$1201,Data!$E$2:$E$1201,A10) -> 0.86956522 | F10: =AVERAGEIFS(Data!$N$2:$N$1201,Data!$E$2:$E$1201,A10) -> 0.042043478 | G10: =SUMIFS(Data!$K$2:$K$1201,Data!$E$2:$E$1201,A10)/(C10-SUMIFS(Data!$K$2:$K$1201,Data!$E$2:$E$1201,A10)) -> -0.057471738 | H10: =IF(AND(E10>=0.95,F10<=0.02),"Strategic",IF(OR(E10<0.88,F10>0.035),"Review / Exit","Develop")) -> Review / Exit
A11: Chile Fruit Alliance | B11: Chile | C11: =SUMIFS(Data!$J$2:$J$1201,Data!$E$2:$E$1201,A11) -> 2202956 | D11: =COUNTIFS(Data!$E$2:$E$1201,A11) -> 100 | E11: =AVERAGEIFS(Data!$M$2:$M$1201,Data!$E$2:$E$1201,A11) -> 0.98 | F11: =AVERAGEIFS(Data!$N$2:$N$1201,Data!$E$2:$E$1201,A11) -> 0.01711 | G11: =SUMIFS(Data!$K$2:$K$1201,Data!$E$2:$E$1201,A11)/(C11-SUMIFS(Data!$K$2:$K$1201,Data!$E$2:$E$1201,A11)) -> 0.013656802 | H11: =IF(AND(E11>=0.95,F11<=0.02),"Strategic",IF(OR(E11<0.88,F11>0.035),"Review / Exit","Develop")) -> Strategic
